{"cameraMode":{"drawMode":0,"name":"Shaded","section":"Shading Mode"},"sceneLighting":false,"audioPlay":false,"sceneViewState":{"m_AlwaysRefresh":false,"showFog":true,"showSkybox":false,"showFlares":true,"showImageEffects":true,"showParticleSystems":true,"showVisualEffectGraphs":true,"m_FxEnabled":true},"in2DMode":false,"pivot":{"x":-62.219661712646487,"y":34.69850158691406,"z":-42.368675231933597},"rotation":{"x":-0.05568420886993408,"y":0.11675044894218445,"z":-0.005263072904199362,"w":-0.9924429655075073},"size":173.19265747070313,"orthographic":false}