{"cameraMode":{"drawMode":0,"name":"Shaded","section":"Shading Mode"},"sceneLighting":false,"audioPlay":false,"sceneViewState":{"m_AlwaysRefresh":false,"showFog":true,"showSkybox":false,"showFlares":true,"showImageEffects":true,"showParticleSystems":true,"showVisualEffectGraphs":true,"m_FxEnabled":true},"in2DMode":false,"pivot":{"x":29.908889770507814,"y":0.4135020673274994,"z":14.858025550842286},"rotation":{"x":0.0005045568686909974,"y":0.4879559874534607,"z":-0.0009424388408660889,"w":0.8736461997032166},"size":15.309114456176758,"orthographic":false}